Workbook

Sheet Grades
A1: Student name | B1: Score (out of 200) | C1: Needs your attention | D1: AI usage
A2: Noah Kim | B2: =SUMIFS(Details!$E$4:$E$36,Details!$B$4:$B$36,"*"&A2&"*") | C2: No video in the team's folder; you entered the Presentation score | D2: No concern
A3: Emma Lopez | B3: =SUMIFS(Details!$E$4:$E$36,Details!$B$4:$B$36,"*"&A3&"*") | C3: No video in the team's folder; you entered the Presentation score | D3: No concern
A4: Luis Gomez | B4: =SUMIFS(Details!$E$4:$E$36,Details!$B$4:$B$36,"*"&A4&"*") | C4: Notebook has an error in cell 5 and cells were run out of order; only one partner speaks in the video | D4: Review: leftover chatbot text, a column that does not exist, presenter can't explain the code
A5: Tara Brooks | B5: =SUMIFS(Details!$E$4:$E$36,Details!$B$4:$B$36,"*"&A5&"*") | C5: Notebook has an error in cell 5 and cells were run out of order; only one partner speaks in the video | D5: Review: leftover chatbot text, a column that does not exist, presenter can't explain the code
A6: Priya Patel | B6: =SUMIFS(Details!$E$4:$E$36,Details!$B$4:$B$36,"*"&A6&"*") | C6: Hidden text in the notebook asks for full marks (ignored); file name and header don't follow the rules; second partner barely speaks | D6: No concern
A7: David Okafor | B7: =SUMIFS(Details!$E$4:$E$36,Details!$B$4:$B$36,"*"&A7&"*") | C7: Hidden text in the notebook asks for full marks (ignored); file name and header don't follow the rules; second partner barely speaks | D7: No concern
A8: Ana Rivera | B8: =SUMIFS(Details!$E$4:$E$36,Details!$B$4:$B$36,"*"&A8&"*") | C8: Confirm who presented Q3 and Q4 | D8: No concern
A9: Marcus Chen | B9: =SUMIFS(Details!$E$4:$E$36,Details!$B$4:$B$36,"*"&A9&"*") | C9: Confirm who presented Q3 and Q4 | D9: No concern
A11: Grades are suggestions until the professor reviews them. The breakdown behind each score is on the Details tab.

Sheet Details
A1: Yellow cells can be changed. Change a score and its level, the team total and the Grades tab update.
A3: Team | B3: Students | C3: Category | D3: Level | E3: Score | F3: Out of | G3: Why this score | H3: Evidence
A4: team-04 | B4: Noah Kim, Emma Lopez | C4: Data Cleaning & Preparation | D4: =IF(E4>=INDEX(Rubric!$C$2:$C$7,MATCH(C4,Rubric!$A$2:$A$7,0)),"Excellent",IF(E4>=INDEX(Rubric!$D$2:$D$7,MATCH(C4,Rubric!$A$2:$A$7,0)),"Good","Needs Work")) | E4: 33 | F4: =INDEX(Rubric!$B$2:$B$7,MATCH(C4,Rubric!$A$2:$A$7,0)) | G4: Duplicates, types and missing values are handled; one decision is not explained. | H4: Cell 7: "Dropped 52 rows with no ZIP code"
A5: team-04 | B5: Noah Kim, Emma Lopez | C5: Analysis & Visualizations | D5: =IF(E5>=INDEX(Rubric!$C$2:$C$7,MATCH(C5,Rubric!$A$2:$A$7,0)),"Excellent",IF(E5>=INDEX(Rubric!$D$2:$D$7,MATCH(C5,Rubric!$A$2:$A$7,0)),"Good","Needs Work")) | E5: 43 | F5: =INDEX(Rubric!$B$2:$B$7,MATCH(C5,Rubric!$A$2:$A$7,0)) | G5: All four questions answered; one chart could use a legend. | H5: Cell 14: bar chart of fail rate by ZIP code
A6: team-04 | B6: Noah Kim, Emma Lopez | C6: Interpretation & Written Summaries | D6: =IF(E6>=INDEX(Rubric!$C$2:$C$7,MATCH(C6,Rubric!$A$2:$A$7,0)),"Excellent",IF(E6>=INDEX(Rubric!$D$2:$D$7,MATCH(C6,Rubric!$A$2:$A$7,0)),"Good","Needs Work")) | E6: 24 | F6: =INDEX(Rubric!$B$2:$B$7,MATCH(C6,Rubric!$A$2:$A$7,0)) | G6: Summaries explain the results, though Q4's is brief. | H6: Cell 20: "Seafood restaurants average 4.7 violations per inspection"
A7: team-04 | B7: Noah Kim, Emma Lopez | C7: Code Quality & Organization | D7: =IF(E7>=INDEX(Rubric!$C$2:$C$7,MATCH(C7,Rubric!$A$2:$A$7,0)),"Excellent",IF(E7>=INDEX(Rubric!$D$2:$D$7,MATCH(C7,Rubric!$A$2:$A$7,0)),"Good","Needs Work")) | E7: 21 | F7: =INDEX(Rubric!$B$2:$B$7,MATCH(C7,Rubric!$A$2:$A$7,0)) | G7: Runs in order with no errors; a few unused imports. | H7: Execution order: 1 to 11
A8: team-04 | B8: Noah Kim, Emma Lopez | C8: Presentation of Findings | D8: =IF(E8>=INDEX(Rubric!$C$2:$C$7,MATCH(C8,Rubric!$A$2:$A$7,0)),"Excellent",IF(E8>=INDEX(Rubric!$D$2:$D$7,MATCH(C8,Rubric!$A$2:$A$7,0)),"Good","Needs Work")) | E8: 28 | F8: =INDEX(Rubric!$B$2:$B$7,MATCH(C8,Rubric!$A$2:$A$7,0)) | G8: Entered by the professor: no video in the team's folder.
A9: team-04 | B9: Noah Kim, Emma Lopez | C9: Collaboration & Formatting | D9: =IF(E9>=INDEX(Rubric!$C$2:$C$7,MATCH(C9,Rubric!$A$2:$A$7,0)),"Excellent",IF(E9>=INDEX(Rubric!$D$2:$D$7,MATCH(C9,Rubric!$A$2:$A$7,0)),"Good","Needs Work")) | E9: 17 | F9: =INDEX(Rubric!$B$2:$B$7,MATCH(C9,Rubric!$A$2:$A$7,0)) | G9: Header and file name follow the rules; the Responsibilities line is vague. | H9: Cell 1: "We both worked on everything"
A10: team-04 | C10: Team total | E10: =SUM(E4:E9) | F10: =SUM(F4:F9)
A12: team-03 | B12: Luis Gomez, Tara Brooks | C12: Data Cleaning & Preparation | D12: =IF(E12>=INDEX(Rubric!$C$2:$C$7,MATCH(C12,Rubric!$A$2:$A$7,0)),"Excellent",IF(E12>=INDEX(Rubric!$D$2:$D$7,MATCH(C12,Rubric!$A$2:$A$7,0)),"Good","Needs Work")) | E12: 7 | F12: =INDEX(Rubric!$B$2:$B$7,MATCH(C12,Rubric!$A$2:$A$7,0)) | G12: The only cleaning cell fails with a NameError, so no duplicates are removed and no types are converted, there is no Markdown rationale and no final row count, and only the missing-value check succeeded, which puts it well below the middle of the range. | H12: Cell 5: 'df_clean = df_raw.drop_duplicates()' -> NameError: name 'df_raw' is not defined | Cell 4 output: zip_code shown as '33135.0' (float, not a 5-character string), score contains 'pending', result contains lowercase 'pass'
A13: team-03 | B13: Luis Gomez, Tara Brooks | C13: Analysis & Visualizations | D13: =IF(E13>=INDEX(Rubric!$C$2:$C$7,MATCH(C13,Rubric!$A$2:$A$7,0)),"Excellent",IF(E13>=INDEX(Rubric!$D$2:$D$7,MATCH(C13,Rubric!$A$2:$A$7,0)),"Good","Needs Work")) | E13: 8 | F13: =INDEX(Rubric!$B$2:$B$7,MATCH(C13,Rubric!$A$2:$A$7,0)) | G13: Only Q2 is attempted, and it plots fail counts instead of fail rates on a chart with no title or axis labels, while Q3 is an empty cell and Q4 is missing, so all three needs-work descriptors apply. | H13: Cell 9: 'df[df["result"] == "Fail"].groupby("zip_code").size()' counts fails, it does not compute the share of inspections that failed | images/cell9_1.png: no title, no x or y axis labels, ZIP codes shown as floats such as '33054.0'
A14: team-03 | B14: Luis Gomez, Tara Brooks | C14: Interpretation & Written Summaries | D14: =IF(E14>=INDEX(Rubric!$C$2:$C$7,MATCH(C14,Rubric!$A$2:$A$7,0)),"Excellent",IF(E14>=INDEX(Rubric!$D$2:$D$7,MATCH(C14,Rubric!$A$2:$A$7,0)),"Good","Needs Work")) | E14: 4 | F14: =INDEX(Rubric!$B$2:$B$7,MATCH(C14,Rubric!$A$2:$A$7,0)) | G14: There is one written summary for four questions, and it relies on a customer_satisfaction_score column that is not in the dataset or any output, so it does not show the chart's results were interpreted. | H14: Cell 10: 'zip codes with lower `customer_satisfaction_score` values tend to have more failed inspections' | Cell 4 output columns: inspection_id, restaurant_name, zip_code, inspection_date, cuisine, score, violations, result (no satisfaction column)
A15: team-03 | B15: Luis Gomez, Tara Brooks | C15: Code Quality & Organization | D15: =IF(E15>=INDEX(Rubric!$C$2:$C$7,MATCH(C15,Rubric!$A$2:$A$7,0)),"Excellent",IF(E15>=INDEX(Rubric!$D$2:$D$7,MATCH(C15,Rubric!$A$2:$A$7,0)),"Good","Needs Work")) | E15: 6 | F15: =INDEX(Rubric!$B$2:$B$7,MATCH(C15,Rubric!$A$2:$A$7,0)) | G15: The notebook has a few headings, but it has an error cell, cells run out of order, an empty Q3 cell, leftover chatbot text in a heading cell, almost no comments and no Q1 or Q4 sections, so it does not run cleanly top to bottom. | H15: facts.json rule_flags: cell 5 NameError; execution counts [7, 2, 12, 5, 9]; cell 6 output with no execution count | Cell 2: 'Certainly! Here's a comprehensive analysis of the dataset:' left above the title heading
A16: team-03 | B16: Luis Gomez, Tara Brooks | C16: Presentation of Findings | D16: =IF(E16>=INDEX(Rubric!$C$2:$C$7,MATCH(C16,Rubric!$A$2:$A$7,0)),"Excellent",IF(E16>=INDEX(Rubric!$D$2:$D$7,MATCH(C16,Rubric!$A$2:$A$7,0)),"Good","Needs Work")) | E16: 7 | F16: =INDEX(Rubric!$B$2:$B$7,MATCH(C16,Rubric!$A$2:$A$7,0)) | G16: The 65-second talk follows a clear order and refers to the ZIP code chart, but it is far shorter than the time allowed, appears to have only one presenter, admits not understanding the outlier method, and describes a join and a customer-satisfaction finding that the notebook does not support. | H16: facts.json media: duration 65.7 s of a 5-minute limit | Transcript [00:56]: '...made the slides, but she couldn't be here for the recording.'
A17: team-03 | B17: Luis Gomez, Tara Brooks | C17: Collaboration & Formatting | D17: =IF(E17>=INDEX(Rubric!$C$2:$C$7,MATCH(C17,Rubric!$A$2:$A$7,0)),"Excellent",IF(E17>=INDEX(Rubric!$D$2:$D$7,MATCH(C17,Rubric!$A$2:$A$7,0)),"Good","Needs Work")) | E17: 18 | F17: =INDEX(Rubric!$B$2:$B$7,MATCH(C17,Rubric!$A$2:$A$7,0)) | G17: The header has all four fields, the file name matches the convention and the responsibilities name a part for each partner, but the score sits at the bottom of the range because the transcript says one partner was absent and that partner's assigned charts and summaries are thin in the notebook. | H17: facts.json: filename_ok true, header_missing [], students_count 2 | Cell 1: 'Student A: data loading, cleaning, outlier detection. Student B: charts, written summaries, presentation slides.'
A18: team-03 | C18: Team total | E18: =SUM(E12:E17) | F18: =SUM(F12:F17)
A20: team-02 | B20: Priya Patel, David Okafor | C20: Data Cleaning & Preparation | D20: =IF(E20>=INDEX(Rubric!$C$2:$C$7,MATCH(C20,Rubric!$A$2:$A$7,0)),"Excellent",IF(E20>=INDEX(Rubric!$D$2:$D$7,MATCH(C20,Rubric!$A$2:$A$7,0)),"Good","Needs Work")) | E20: 25 | F20: =INDEX(Rubric!$B$2:$B$7,MATCH(C20,Rubric!$A$2:$A$7,0)) | G20: Duplicates, rows with no ZIP code and the date and ZIP conversions are handled and the remaining count is reported, but score stays as text, inconsistent result values are left uncleaned in Q1 and the only explanation is one vague sentence, so this sits at the top of needs_work (25), just below good. | H20: Cell 6: df = df.drop_duplicates() / df.dropna(subset=["zip_code"]) / pd.to_datetime(df["inspection_date"]) | Cell 6 output: 'score object' after df["score"].str.strip() # fix score (score not converted to a number)
A21: team-02 | B21: Priya Patel, David Okafor | C21: Analysis & Visualizations | D21: =IF(E21>=INDEX(Rubric!$C$2:$C$7,MATCH(C21,Rubric!$A$2:$A$7,0)),"Excellent",IF(E21>=INDEX(Rubric!$D$2:$D$7,MATCH(C21,Rubric!$A$2:$A$7,0)),"Good","Needs Work")) | E21: 41 | F21: =INDEX(Rubric!$B$2:$B$7,MATCH(C21,Rubric!$A$2:$A$7,0)) | G21: All four questions are answered with a fitting chart or table and the Q2 bar chart is fully labeled with a sensible sample-size filter, but the Q3 line chart has no axis labels and shows months as bare numbers, so good at 41, above the middle but short of excellent. | H21: Cell 10 / images/cell10_1.png: bar chart 'Fail Rate by Zip Code', x 'ZIP code', y 'Fail rate (%)', top 10 ZIP codes | Cell 10: top10 = rates[counts >= 25] (only ZIP codes with at least 25 inspections)
A22: team-02 | B22: Priya Patel, David Okafor | C22: Interpretation & Written Summaries | D22: =IF(E22>=INDEX(Rubric!$C$2:$C$7,MATCH(C22,Rubric!$A$2:$A$7,0)),"Excellent",IF(E22>=INDEX(Rubric!$D$2:$D$7,MATCH(C22,Rubric!$A$2:$A$7,0)),"Good","Needs Work")) | E22: 22 | F22: =INDEX(Rubric!$B$2:$B$7,MATCH(C22,Rubric!$A$2:$A$7,0)) | G22: Every question has some written text and the Q2 summary adds geographic context, but Q1 and Q4 only restate numbers and Q3 describes the shape of the line without explaining it, so good near the low end (22). | H22: Cell 7: 'There are 2432 rows left after cleaning.' | Cell 11: 'Most of the zip codes in the top 10 are in the northern part of the county'
A23: team-02 | B23: Priya Patel, David Okafor | C23: Code Quality & Organization | D23: =IF(E23>=INDEX(Rubric!$C$2:$C$7,MATCH(C23,Rubric!$A$2:$A$7,0)),"Excellent",IF(E23>=INDEX(Rubric!$D$2:$D$7,MATCH(C23,Rubric!$A$2:$A$7,0)),"Good","Needs Work")) | E23: 20 | F23: =INDEX(Rubric!$B$2:$B$7,MATCH(C23,Rubric!$A$2:$A$7,0)) | G23: The notebook has a heading for each question and runs in order with no errors, but comments are sparse, one variable is named v, a '# fix score' line leaves score unconverted and a Markdown cell has no project content, so good at 20. | H23: facts.json: execution counts 1 to 6 in order, errors [] | Cells 5, 9, 12, 15: headings 'Q1 Cleaning' to 'Q4 Violations per inspection by cuisine'
A24: team-02 | B24: Priya Patel, David Okafor | C24: Presentation of Findings | D24: =IF(E24>=INDEX(Rubric!$C$2:$C$7,MATCH(C24,Rubric!$A$2:$A$7,0)),"Excellent",IF(E24>=INDEX(Rubric!$D$2:$D$7,MATCH(C24,Rubric!$A$2:$A$7,0)),"Good","Needs Work")) | E24: 22 | F24: =INDEX(Rubric!$B$2:$B$7,MATCH(C24,Rubric!$A$2:$A$7,0)) | G24: The talk covers all four findings in order and refers to the charts, but it lasts 68 seconds of a 5-minute limit, the second presenter says only one clear sentence and it explains what was made rather than why, so high needs_work (22), on the border with good. | H24: facts.json: recording 68.5 s (01:08) against a 5-minute limit | [00:20] 'we made a bar chart of the fail rate by zip code'
A25: team-02 | B25: Priya Patel, David Okafor | C25: Collaboration & Formatting | D25: =IF(E25>=INDEX(Rubric!$C$2:$C$7,MATCH(C25,Rubric!$A$2:$A$7,0)),"Excellent",IF(E25>=INDEX(Rubric!$D$2:$D$7,MATCH(C25,Rubric!$A$2:$A$7,0)),"Good","Needs Work")) | E25: 10 | F25: =INDEX(Rubric!$B$2:$B$7,MATCH(C25,Rubric!$A$2:$A$7,0)) | G25: The header lists both students, the section and the date, but the Responsibilities line is missing and the file name does not follow the convention, so multiple guidelines are missed and contribution is unclear; 10 is above the middle because three of four header fields are present. | H25: facts.json rule_flags: 'File name does not follow the convention Lastname1_Lastname2_FinalProject.ipynb' | Cell 1: header has Students, 'Section: A' and 'Date: April 28, 2026', no Responsibilities line
A26: team-02 | C26: Team total | E26: =SUM(E20:E25) | F26: =SUM(F20:F25)
A28: team-01 | B28: Ana Rivera, Marcus Chen | C28: Data Cleaning & Preparation | D28: =IF(E28>=INDEX(Rubric!$C$2:$C$7,MATCH(C28,Rubric!$A$2:$A$7,0)),"Excellent",IF(E28>=INDEX(Rubric!$D$2:$D$7,MATCH(C28,Rubric!$A$2:$A$7,0)),"Good","Needs Work")) | E28: 39 | F28: =INDEX(Rubric!$B$2:$B$7,MATCH(C28,Rubric!$A$2:$A$7,0)) | G28: Every Q1 step is done in code and justified in Markdown (duplicates, 'pending' scores, missing ZIP and cuisine, result labels, date and 5-character ZIP), the counts reconcile (2,480 - 36 - 53 = 2,391) and nothing errors, with one point held back because two justifications (duplicates being identical, dropped rows being spread across months and ZIPs) are not shown in any output. | H28: Cell 8: 'Duplicated inspection_id: 36' and 'Non-numeric scores: 41' | Cell 9: 'drop those rows rather than guessing a score'
A29: team-01 | B29: Ana Rivera, Marcus Chen | C29: Analysis & Visualizations | D29: =IF(E29>=INDEX(Rubric!$C$2:$C$7,MATCH(C29,Rubric!$A$2:$A$7,0)),"Excellent",IF(E29>=INDEX(Rubric!$D$2:$D$7,MATCH(C29,Rubric!$A$2:$A$7,0)),"Good","Needs Work")) | E29: 48 | F29: =INDEX(Rubric!$B$2:$B$7,MATCH(C29,Rubric!$A$2:$A$7,0)) | G29: All four questions are answered with a fitting table or chart (bar for ZIP fail rates, line for months, table plus horizontal bar for cuisines), every chart has a title and axis labels with a legend where there is more than one series, and the table values recompute correctly, with two points held back because the Q3 y-axis is labeled '0-100' but spans only about 80 to 86, which visually exaggerates a 6-point dip. | H29: Cell 14: '# Only ZIP codes with at least 25 inspections'; top row '33142 87 16 0.184' | images/cell15_1.png: title 'Top 10 ZIP Codes by Inspection Fail Rate (2025)', axes 'ZIP code' and 'Fail rate (%)', legend with dashed 'County average (9.6%)'
A30: team-01 | B30: Ana Rivera, Marcus Chen | C30: Interpretation & Written Summaries | D30: =IF(E30>=INDEX(Rubric!$C$2:$C$7,MATCH(C30,Rubric!$A$2:$A$7,0)),"Excellent",IF(E30>=INDEX(Rubric!$D$2:$D$7,MATCH(C30,Rubric!$A$2:$A$7,0)),"Good","Needs Work")) | E30: 28 | F30: =INDEX(Rubric!$B$2:$B$7,MATCH(C30,Rubric!$A$2:$A$7,0)) | G30: Every question has a summary that adds meaning beyond the numbers (the hidden 'pending' scores, the 25-inspection filter, summer heat, raw proteins) and the Conclusions cell names a limitation, but a few claims rest on facts never shown in the notebook (ZIP geography, spread of dropped rows, 'Unknown' behaving like the average), so the score sits just below the middle of the range. | H30: Cell 12: '2,391 of 2,480 inspections (96.4%) remain' | Cell 16: 'almost double the county average of 9.6%'; 'Seven of the top ten ZIP codes are clustered north and west of downtown' (no location data or map in the notebook)
A31: team-01 | B31: Ana Rivera, Marcus Chen | C31: Code Quality & Organization | D31: =IF(E31>=INDEX(Rubric!$C$2:$C$7,MATCH(C31,Rubric!$A$2:$A$7,0)),"Excellent",IF(E31>=INDEX(Rubric!$D$2:$D$7,MATCH(C31,Rubric!$A$2:$A$7,0)),"Good","Needs Work")) | E31: 23 | F31: =INDEX(Rubric!$B$2:$B$7,MATCH(C31,Rubric!$A$2:$A$7,0)) | G31: The notebook has a heading for each question, a logical flow, execution counts 1 to 13 in order with no errors, helpful comments and descriptive names, but cell 25 is leftover unused code named tmp, so it sits at the bottom of excellent and is borderline with good. | H31: facts.json: execution_counts 1-13 in order, errors [], execution_issues [] | Cells 3, 6, 13, 17, 21, 26: headings 'Setup', 'Q1. Cleaning' through 'Conclusions'
A32: team-01 | B32: Ana Rivera, Marcus Chen | C32: Presentation of Findings | D32: =IF(E32>=INDEX(Rubric!$C$2:$C$7,MATCH(C32,Rubric!$A$2:$A$7,0)),"Excellent",IF(E32>=INDEX(Rubric!$D$2:$D$7,MATCH(C32,Rubric!$A$2:$A$7,0)),"Good","Needs Work")) | E32: 32 | F32: =INDEX(Rubric!$B$2:$B$7,MATCH(C32,Rubric!$A$2:$A$7,0)) | G32: The talk walks clearly through all four questions within the 5-minute limit, has an explicit hand-off between two speakers, points to each chart and quotes numbers that match the notebook, but it is placed at the bottom of the range because the split looks uneven (the first speaker covers only cleaning, about 30 seconds) and at 1:37 Q3 and Q4 get one or two sentences each. | H32: [00:14] 'We removed 36 duplicate inspection IDs'; [00:26] 'That left 2,391 inspections' | [00:32] 'I'm Student B, and I worked on question 2. If you look at our bar chart'
A33: team-01 | B33: Ana Rivera, Marcus Chen | C33: Collaboration & Formatting | D33: =IF(E33>=INDEX(Rubric!$C$2:$C$7,MATCH(C33,Rubric!$A$2:$A$7,0)),"Excellent",IF(E33>=INDEX(Rubric!$D$2:$D$7,MATCH(C33,Rubric!$A$2:$A$7,0)),"Good","Needs Work")) | E33: 20 | F33: =INDEX(Rubric!$B$2:$B$7,MATCH(C33,Rubric!$A$2:$A$7,0)) | G33: The header has all four required fields and the file name follows the convention (both checked by code), and responsibilities are split evenly by question with both students presenting, though meaningful contribution by both cannot be proven from the files. | H33: facts.json: header_missing [], filename_ok true, students_count 2 | Cell 1: 'Student A: data cleaning (Q1), monthly score trend (Q3)... Student B: ZIP code fail rates (Q2), cuisine violations (Q4)... Both: presentation.'
A34: team-01 | C34: Team total | E34: =SUM(E28:E33) | F34: =SUM(F28:F33)

Sheet Rubric
A1: Category | B1: Points | C1: Excellent from | D1: Good from | E1: Needs Work
A2: Data Cleaning & Preparation | B2: 40 | C2: 36 | D2: 28 | E2: ="0 to "&(D2-1)
A3: Analysis & Visualizations | B3: 50 | C3: 45 | D3: 35 | E3: ="0 to "&(D3-1)
A4: Interpretation & Written Summaries | B4: 30 | C4: 27 | D4: 21 | E4: ="0 to "&(D4-1)
A5: Code Quality & Organization | B5: 25 | C5: 23 | D5: 17 | E5: ="0 to "&(D5-1)
A6: Presentation of Findings | B6: 35 | C6: 32 | D6: 24 | E6: ="0 to "&(D6-1)
A7: Collaboration & Formatting | B7: 20 | C7: 18 | D7: 14 | E7: ="0 to "&(D7-1)
A8: Total | B8: =SUM(B2:B7)
A10: Source: CAP3321C Final Project Rubric (200 points). Each level's range ends where the next level starts.
